Designator,Footprint,Quantity,Value,LCSC Part #
"ANT1_4, ANT1_3, ANT1_2, ANT1, ANT2_4, ANT2_3, ANT2_2, ANT2",ST25Rxxx-ANT-12x12mm,8,Net-Tie-Width-0.50mm,
"C1_4, C1_3, C1_2, C1",C0603,4,100nF,CL05B104KA5NNNC
"C12_4, C12_3, C12_2, C12, C22_4, C22_3, C22_2, C22, C23_4, C23_3, C23_2, C23, C50_4, C50_3, C50_2, C50, C67_4, C67_3, C67_2, C67",C0603,20,100nF,
"C13_4, C13_3, C13_2, C13, C16_4, C16_3, C16_2, C16",C0603,8,200pF 1%,
"C18_4, C18_3, C18_2, C18, C20_4, C20_3, C20_2, C20",C0603,8,10pF,
"C26_4, C26_3, C26_2, C26, C3_4, C3_3, C3_2, C3, C7_4, C7_3, C7_2, C7",C0603,12,100nF,C1644
"C28_4, C28_3, C28_2, C28",C0603,4,33pF 2%,
"C30_4, C30_3, C30_2, C30, C35_4, C35_3, C35_2, C35, C37_4, C37_3, C37_2, C37, C58_4, C58_3, C58_2, C58, C63_4, C63_3, C63_2, C63, C65_4, C65_3, C65_2, C65",C0603,24,10nF,
"C32_4, C32_3, C32_2, C32",C0603,4,33pF 2%,C1644
"C33_4, C33_3, C33_2, C33",C0603,4,2.2uF/10V,C1644
"C39_4, C39_3, C39_2, C39, C41_4, C41_3, C41_2, C41, C70_4, C70_3, C70_2, C70",C0603,12,2.2uF/10V,
"C43_4, C43_3, C43_2, C43, C55_4, C55_3, C55_2, C55",C0603,8,220pF,
"C46_4, C46_3, C46_2, C46, C54_4, C54_3, C54_2, C54",C0603,8,10pF,C1644
"C48_4, C48_3, C48_2, C48, C51_4, C51_3, C51_2, C51",C0603,8,150pF,
"C5_4, C5_3, C5_2, C5",C0603,4,1uF,C1644
"C60_4, C60_3, C60_2, C60, C72_4, C72_3, C72_2, C72",C0603,8,1uF/10V,
"C62_4, C62_3, C62_2, C62",C0603,4,4.7uF/10V,C1644
"C9_4, C9_3, C9_2, C9",C0603,4,1uF,
"J1_4, J1_3, J1_2, J1",PinHeader_1x02_P2.54mm_Vertical,4,RESET,
"J10_4, J10_3, J10_2, J10",PinSocket_1x03_P2.54mm_Vertical,4,CORE_A,
"J11_4, J11_3, J11_2, J11",PinHeader_1x05_P2.54mm_Horizontal,4,MOUNT,
"J13_4, J13_3, J13_2, J13",PinSocket_1x03_P2.54mm_Vertical,4,FIELD_B,
"J14_4, J14_3, J14_2, J14",PinSocket_1x03_P2.54mm_Vertical,4,FIELD_A,
"J15_4, J15_3, J15_2, J15",PinHeader_1x02_P2.54mm_Vertical,4,UART PROG,
"J2_4, J2_3, J2_2, J2, J4_4, J4_3, J4_2, J4",PinSocket_1x05_P2.54mm_Horizontal,8,FROM_PREVIOUS,
"J5_4, J5_3, J5_2, J5",PinSocket_1x03_P2.54mm_Vertical,4,CONN_A,
"J6_4, J6_3, J6_2, J6",PinHeader_1x02_P2.54mm_Vertical,4,BOOTLOADER,
"J7_4, J7_3, J7_2, J7",PinSocket_1x03_P2.54mm_Vertical,4,CONN_B,
"J8_4, J8_3, J8_2, J8",PinSocket_1x03_P2.54mm_Vertical,4,CORE_B,
"J9_4, J9_3, J9_2, J9",PinHeader_1x05_P2.54mm_Horizontal,4,TO NEXT,
"LED1_4, LED1_3, LED1_2, LED1, LED6_4, LED6_3, LED6_2, LED6",LED-SMD_4P-L3.2-W2.8-LS5.9_SK6812MINI-E,8,SK6812MINI-E,C5149201
"LED4_4, LED4_3, LED4_2, LED4, LED7_4, LED7_3, LED7_2, LED7",LED-SMD_4P-L3.2-W2.8-LS5.9_SK6812MINI-E,8,SK6812MINI-E,
"Q2_4, Q2_3, Q2_2, Q2",SOT-23_L2.9-W1.3-P1.90-LS2.4-BR,4,AO3401A,C15127
"R1_4, R1_3, R1_2, R1",R0603,4,4.7k,C2930027
"R11_4, R11_3, R11_2, R11",R0603,4,1R5,
"R14_4, R14_3, R14_2, R14",R0603,4,1R5,C2930027
"R4_4, R4_3, R4_2, R4",R0603,4,470k,C2930027
"R5_4, R5_3, R5_2, R5",R0603,4,1k,RT0603FRE101KL
"R8_4, R8_3, R8_2, R8",R0603,4,120R,C2930027
"R9_4, R9_3, R9_2, R9",R0603,4,220R,C2930027
"TP10_4, TP10_3, TP10_2, TP10, TP11_4, TP11_3, TP11_2, TP11, TP14_4, TP14_3, TP14_2, TP14, TP16_4, TP16_3, TP16_2, TP16, TP6_4, TP6_3, TP6_2, TP6, TP7_4, TP7_3, TP7_2, TP7",TestPoint_Pad_D1.0mm,24,SMD/0.6mm,
"TP17_4, TP17_3, TP17_2, TP17, TP2_4, TP2_3, TP2_2, TP2, TP20_4, TP20_3, TP20_2, TP20, TP4_4, TP4_3, TP4_2, TP4",TestPoint_Pad_D1.0mm,16,SMD/0.8mm,
"U11_4, U11_3, U11_2, U11, U13_4, U13_3, U13_2, U13",IND-SMD_L1.6-W0.8-1,8,470nH  DCR=450m,C341701
"U15_4, U15_3, U15_2, U15",QFN-24_L4.0-W4.0-P0.50-TL-EP2.8,4,ST25R200,
"U17_4, U17_3, U17_2, U17",L0603,4,BLM18PG471SZ1D,C710387
"U2_4, U2_3, U2_2, U2",SOIC-8_L4.9-W3.9-P1.27-LS6.0-BL,4,SN65HVD230DR,C12084
"U4_4, U4_3, U4_2, U4",SOT-25-5_L2.9-W1.6-P0.95-LS2.8-BL,4,AP2112K-3.3TRG1,C51118
"U5_4, U5_3, U5_2, U5",WIFIM-SMD_ESP32-C3-MINI-1,4,ESP32-C3-MINI-1-H4X,C41349510
"U8_4, U8_3, U8_2, U8",SMD-4_L4.6-W3.7-P2.54-LS7.0-TL,4,G3VM-61VY3,C2152318
"U9_4, U9_3, U9_2, U9",SOT-353_L2.2-W1.4-P0.65-LS2.4-BR,4,SN74AHCT1G14DCKR,
"X1_4, X1_3, X1_2, X1",CRYSTAL-SMD_4P-L2.0-W1.6-BL,4,NX2016SA 27.12MHz,
