Designator,Mid X,Mid Y,Rotation,Layer
ANT1_4,23.860402,-75.915645,0.0,bottom
ANT1_3,23.860402,-145.635645,0.0,bottom
ANT1_2,57.210402,-145.635645,0.0,bottom
ANT1,57.210402,-75.915645,0.0,bottom
ANT2_4,23.446,-8.03712,180.0,bottom
ANT2_3,56.796,-77.75712,180.0,bottom
ANT2_2,56.796,-8.03712,180.0,bottom
ANT2,23.446,-77.75712,180.0,bottom
C1_4,64.55,-46.92,180.0,bottom
C1_3,64.55,-116.64,180.0,bottom
C1_2,31.2,-116.64,180.0,bottom
C1,31.2,-46.92,180.0,bottom
C12_4,50.15,-111.77,0.0,top
C12_3,16.8,-111.77,0.0,top
C12_2,50.15,-42.05,0.0,top
C12,16.8,-42.05,0.0,top
C13_4,58.15,-115.77,180.0,bottom
C13_3,58.15,-46.05,180.0,bottom
C13_2,24.8,-46.05,180.0,bottom
C13,24.8,-115.77,180.0,bottom
C16_4,55.7,-107.77,180.0,bottom
C16_3,22.35,-107.77,180.0,bottom
C16_2,55.7,-38.05,180.0,bottom
C16,22.35,-38.05,180.0,bottom
C18_4,21.9,-115.14,225.0,bottom
C18_3,55.25,-115.14,225.0,bottom
C18_2,55.25,-45.42,225.0,bottom
C18,21.9,-45.42,225.0,bottom
C20_4,51.85,-118.74,45.0,bottom
C20_3,18.5,-49.02,45.0,bottom
C20_2,51.85,-49.02,45.0,bottom
C20,18.5,-118.74,45.0,bottom
C22_4,34.2,-50.62,270.0,top
C22_3,67.55,-50.62,270.0,top
C22_2,34.2,-120.34,270.0,top
C22,67.55,-120.34,270.0,top
C23_4,14.1,-118.27,90.0,bottom
C23_3,47.45,-48.55,90.0,bottom
C23_2,14.1,-48.55,90.0,bottom
C23,47.45,-118.27,90.0,bottom
C26_4,9.3,-118.04,270.0,top
C26_3,42.65,-118.04,270.0,top
C26_2,9.3,-48.32,270.0,top
C26,42.65,-48.32,270.0,top
C28_4,22.3,-36.3,180.0,bottom
C28_3,55.65,-106.02,180.0,bottom
C28_2,55.65,-36.3,180.0,bottom
C28,22.3,-106.02,180.0,bottom
C3_4,25.3,-34.05,180.0,top
C3_3,58.65,-34.05,180.0,top
C3_2,25.3,-103.77,180.0,top
C3,58.65,-103.77,180.0,top
C30_4,12.1,-48.55,90.0,bottom
C30_3,45.45,-118.27,90.0,bottom
C30_2,12.1,-118.27,90.0,bottom
C30,45.45,-48.55,90.0,bottom
C32_4,58.05,-47.8,0.0,bottom
C32_3,58.05,-117.52,0.0,bottom
C32_2,24.7,-47.8,0.0,bottom
C32,24.7,-117.52,0.0,bottom
C33_4,10.35,-118.27,90.0,bottom
C33_3,10.35,-48.55,90.0,bottom
C33_2,43.7,-48.55,90.0,bottom
C33,43.7,-118.27,90.0,bottom
C35_4,45.45,-115.27,270.0,bottom
C35_3,12.1,-115.27,270.0,bottom
C35_2,12.1,-45.55,270.0,bottom
C35,45.45,-45.55,270.0,bottom
C37_4,49.35,-108.52,180.0,bottom
C37_3,16.0,-108.52,180.0,bottom
C37_2,49.35,-38.8,180.0,bottom
C37,16.0,-38.8,180.0,bottom
C39_4,10.35,-45.55,270.0,bottom
C39_3,43.7,-45.55,270.0,bottom
C39_2,43.7,-115.27,270.0,bottom
C39,10.35,-115.27,270.0,bottom
C41_4,15.85,-106.77,180.0,bottom
C41_3,15.85,-37.05,180.0,bottom
C41_2,49.2,-106.77,180.0,bottom
C41,49.2,-37.05,180.0,bottom
C43_4,22.35,-104.14,0.0,bottom
C43_3,55.7,-104.14,0.0,bottom
C43_2,55.7,-34.42,0.0,bottom
C43,22.35,-34.42,0.0,bottom
C46_4,23.81,-102.52,0.0,bottom
C46_3,23.81,-32.8,0.0,bottom
C46_2,57.16,-102.52,0.0,bottom
C46,57.16,-32.8,0.0,bottom
C48_4,27.1,-102.52,0.0,bottom
C48_3,60.45,-32.8,0.0,bottom
C48_2,27.1,-32.8,0.0,bottom
C48,60.45,-102.52,0.0,bottom
C5_4,16.6,-34.05,180.0,top
C5_3,49.95,-103.77,180.0,top
C5_2,16.6,-103.77,180.0,top
C5,49.95,-34.05,180.0,top
C50_4,37.6,-103.94,0.0,top
C50_3,37.6,-34.22,0.0,top
C50_2,70.95,-34.22,0.0,top
C50,70.95,-103.94,0.0,top
C51_4,61.45,-121.02,180.0,bottom
C51_3,61.45,-51.3,180.0,bottom
C51_2,28.1,-121.02,180.0,bottom
C51,28.1,-51.3,180.0,bottom
C54_4,58.2,-51.3,180.0,bottom
C54_3,24.85,-51.3,180.0,bottom
C54_2,58.2,-121.02,180.0,bottom
C54,24.85,-121.02,180.0,bottom
C55_4,24.8,-119.27,0.0,bottom
C55_3,58.15,-119.27,0.0,bottom
C55_2,58.15,-49.55,0.0,bottom
C55,24.8,-49.55,0.0,bottom
C58_4,44.2,-112.77,180.0,bottom
C58_3,44.2,-43.05,180.0,bottom
C58_2,10.85,-112.77,180.0,bottom
C58,10.85,-43.05,180.0,bottom
C60_4,52.45,-108.52,180.0,bottom
C60_3,19.1,-108.52,180.0,bottom
C60_2,19.1,-38.8,180.0,bottom
C60,52.45,-38.8,180.0,bottom
C62_4,43.45,-41.3,180.0,bottom
C62_3,10.1,-111.02,180.0,bottom
C62_2,43.45,-111.02,180.0,bottom
C62,10.1,-41.3,180.0,bottom
C63_4,13.1,-41.3,180.0,bottom
C63_3,46.45,-111.02,180.0,bottom
C63_2,13.1,-111.02,180.0,bottom
C63,46.45,-41.3,180.0,bottom
C65_4,52.45,-37.05,180.0,bottom
C65_3,19.1,-106.77,180.0,bottom
C65_2,52.45,-106.77,180.0,bottom
C65,19.1,-37.05,180.0,bottom
C67_4,13.1,-31.8,90.0,top
C67_3,46.45,-101.52,90.0,top
C67_2,46.45,-31.8,90.0,top
C67,13.1,-101.52,90.0,top
C7_4,64.2,-34.05,0.0,top
C7_3,30.85,-103.77,0.0,top
C7_2,30.85,-34.05,0.0,top
C7,64.2,-103.77,0.0,top
C70_4,13.1,-39.55,180.0,bottom
C70_3,46.45,-39.55,180.0,bottom
C70_2,13.1,-109.27,180.0,bottom
C70,46.45,-109.27,180.0,bottom
C72_4,10.35,-37.8,0.0,bottom
C72_3,10.35,-107.52,0.0,bottom
C72_2,43.7,-107.52,0.0,bottom
C72,43.7,-37.8,0.0,bottom
C9_4,20.1,-105.54,270.0,top
C9_3,53.45,-105.54,270.0,top
C9_2,20.1,-35.82,270.0,top
C9,53.45,-35.82,270.0,top
J1_4,11.83,-35.3,270.0,top
J1_3,45.18,-105.02,270.0,top
J1_2,11.83,-105.02,270.0,top
J1,45.18,-35.3,270.0,top
J10_4,62.97,-10.52,270.0,top
J10_3,62.97,-80.24,270.0,top
J10_2,29.62,-10.52,270.0,top
J10,29.62,-80.24,270.0,top
J11_4,10.0,-65.64,180.0,top
J11_3,43.35,-135.36,180.0,top
J11_2,43.35,-65.64,180.0,top
J11,10.0,-135.36,180.0,top
J13_4,51.01,-53.12,270.0,top
J13_3,51.01,-122.84,270.0,top
J13_2,17.66,-122.84,270.0,top
J13,17.66,-53.12,270.0,top
J14_4,29.64,-53.12,270.0,top
J14_3,29.64,-122.84,270.0,top
J14_2,62.99,-53.12,270.0,top
J14,62.99,-122.84,270.0,top
J15_4,66.95,-31.675,180.0,top
J15_3,33.6,-31.675,180.0,top
J15_2,66.95,-101.395,180.0,top
J15,33.6,-101.395,180.0,top
J2_4,70.65,-18.06,180.0,top
J2_3,70.65,-87.78,180.0,top
J2_2,37.3,-87.78,180.0,top
J2,37.3,-18.06,180.0,top
J4_4,37.3,-135.36,180.0,top
J4_3,70.65,-65.64,180.0,top
J4_2,70.65,-135.36,180.0,top
J4,37.3,-65.64,180.0,top
J5_4,29.66,-142.84,270.0,top
J5_3,63.01,-73.12,270.0,top
J5_2,63.01,-142.84,270.0,top
J5,29.66,-73.12,270.0,top
J6_4,50.955,-31.3,270.0,top
J6_3,17.605,-31.3,270.0,top
J6_2,17.605,-101.02,270.0,top
J6,50.955,-101.02,270.0,top
J7_4,17.66,-142.84,270.0,top
J7_3,51.01,-142.84,270.0,top
J7_2,51.01,-73.12,270.0,top
J7,17.66,-73.12,270.0,top
J8_4,51.01,-10.72,270.0,top
J8_3,17.66,-10.72,270.0,top
J8_2,17.66,-80.44,270.0,top
J8,51.01,-80.44,270.0,top
J9_4,43.335,-87.78,180.0,top
J9_3,9.985,-18.06,180.0,top
J9_2,43.335,-18.06,180.0,top
J9,9.985,-87.78,180.0,top
KIKIT_TO_1,3.85,-3.85,0.0,top
KIKIT_TO_2,76.85,-3.85,0.0,top
KIKIT_TO_3,3.85,-149.59,0.0,top
KIKIT_TO_4,76.85,-149.59,0.0,top
LED1_4,36.85,-53.55,90.0,top
LED1_3,70.2,-53.55,90.0,top
LED1_2,36.85,-123.27,90.0,top
LED1,70.2,-123.27,90.0,top
LED4_4,43.45,-54.22,90.0,top
LED4_3,43.45,-123.94,90.0,top
LED4_2,10.1,-123.94,90.0,top
LED4,10.1,-54.22,90.0,top
LED6_4,37.1,-29.05,270.0,top
LED6_3,37.1,-98.77,270.0,top
LED6_2,70.45,-98.77,270.0,top
LED6,70.45,-29.05,270.0,top
LED7_4,43.95,-29.05,270.0,top
LED7_3,43.95,-98.77,270.0,top
LED7_2,10.6,-29.05,270.0,top
LED7,10.6,-98.77,270.0,top
Q2_4,63.75,-33.42,0.0,bottom
Q2_3,63.75,-103.14,0.0,bottom
Q2_2,30.4,-33.42,0.0,bottom
Q2,30.4,-103.14,0.0,bottom
R1_4,28.3,-32.3,180.0,top
R1_3,61.65,-32.3,180.0,top
R1_2,61.65,-102.02,180.0,top
R1,28.3,-102.02,180.0,top
R11_4,23.85,-31.05,180.0,bottom
R11_3,57.2,-31.05,180.0,bottom
R11_2,57.2,-100.77,180.0,bottom
R11,23.85,-100.77,180.0,bottom
R14_4,56.7,-53.22,0.0,bottom
R14_3,23.35,-122.94,0.0,bottom
R14_2,56.7,-122.94,0.0,bottom
R14,23.35,-53.22,0.0,bottom
R4_4,63.2,-31.05,180.0,bottom
R4_3,29.85,-100.77,180.0,bottom
R4_2,63.2,-100.77,180.0,bottom
R4,29.85,-31.05,180.0,bottom
R5_4,28.0,-35.52,180.0,bottom
R5_3,61.35,-35.52,180.0,bottom
R5_2,28.0,-105.24,180.0,bottom
R5,61.35,-105.24,180.0,bottom
R8_4,37.2,-101.89,270.0,bottom
R8_3,70.55,-101.89,270.0,bottom
R8_2,37.2,-32.17,270.0,bottom
R8,70.55,-32.17,270.0,bottom
R9_4,12.3,-108.24,0.0,top
R9_3,45.65,-38.52,0.0,top
R9_2,45.65,-108.24,0.0,top
R9,12.3,-38.52,0.0,top
TP10_4,12.7,-51.22,0.0,top
TP10_3,46.05,-51.22,0.0,top
TP10_2,46.05,-120.94,0.0,top
TP10,12.7,-120.94,0.0,top
TP11_4,12.6,-42.72,0.0,top
TP11_3,45.95,-42.72,0.0,top
TP11_2,45.95,-112.44,0.0,top
TP11,12.6,-112.44,0.0,top
TP14_4,45.95,-116.64,0.0,top
TP14_3,12.6,-46.92,0.0,top
TP14_2,12.6,-116.64,0.0,top
TP14,45.95,-46.92,0.0,top
TP16_4,12.6,-49.02,0.0,top
TP16_3,12.6,-118.74,0.0,top
TP16_2,45.95,-118.74,0.0,top
TP16,45.95,-49.02,0.0,top
TP17_4,17.2,-35.62,0.0,bottom
TP17_3,50.55,-35.62,0.0,bottom
TP17_2,50.55,-105.34,0.0,bottom
TP17,17.2,-105.34,0.0,bottom
TP2_4,22.6,-43.22,0.0,bottom
TP2_3,55.95,-43.22,0.0,bottom
TP2_2,55.95,-112.94,0.0,bottom
TP2,22.6,-112.94,0.0,bottom
TP20_4,13.1,-107.22,0.0,bottom
TP20_3,13.1,-37.5,0.0,bottom
TP20_2,46.45,-37.5,0.0,bottom
TP20,46.45,-107.22,0.0,bottom
TP4_4,22.9,-41.02,0.0,bottom
TP4_3,56.25,-110.74,0.0,bottom
TP4_2,22.9,-110.74,0.0,bottom
TP4,56.25,-41.02,0.0,bottom
TP6_4,45.95,-110.34,0.0,top
TP6_3,45.95,-40.62,0.0,top
TP6_2,12.6,-110.34,0.0,top
TP6,12.6,-40.62,0.0,top
TP7_4,45.95,-114.54,0.0,top
TP7_3,12.6,-44.82,0.0,top
TP7_2,12.6,-114.54,0.0,top
TP7,45.95,-44.82,0.0,top
U11_4,58.15,-44.3,0.0,bottom
U11_3,24.8,-114.02,0.0,bottom
U11_2,24.8,-44.3,0.0,bottom
U11,58.15,-114.02,0.0,bottom
U13_4,22.4,-39.55,180.0,bottom
U13_3,55.75,-39.55,180.0,bottom
U13_2,55.75,-109.27,180.0,bottom
U13,22.4,-109.27,180.0,bottom
U15_4,16.534315,-43.966548,225.0,bottom
U15_3,49.884315,-113.686548,225.0,bottom
U15_2,49.884315,-43.966548,225.0,bottom
U15,16.534315,-113.686548,225.0,bottom
U17_4,10.35,-39.55,0.0,bottom
U17_3,43.7,-109.27,0.0,bottom
U17_2,43.7,-39.55,0.0,bottom
U17,10.35,-109.27,0.0,bottom
U2_4,30.45,-43.3,0.0,bottom
U2_3,30.45,-113.02,0.0,bottom
U2_2,63.8,-43.3,0.0,bottom
U2,63.8,-113.02,0.0,bottom
U4_4,50.7,-107.02,180.0,top
U4_3,50.7,-37.3,180.0,top
U4_2,17.35,-107.02,180.0,top
U4,17.35,-37.3,180.0,top
U5_4,28.2,-111.52,270.0,top
U5_3,61.55,-111.52,270.0,top
U5_2,28.2,-41.8,270.0,top
U5,61.55,-41.8,270.0,top
U8_4,29.2,-108.02,180.0,bottom
U8_3,62.55,-108.02,180.0,bottom
U8_2,29.2,-38.3,180.0,bottom
U8,62.55,-38.3,180.0,bottom
U9_4,17.3,-44.3,0.0,top
U9_3,50.65,-44.3,0.0,top
U9_2,17.3,-114.02,0.0,top
U9,50.65,-114.02,0.0,top
X1_4,20.2,-116.94,135.0,bottom
X1_3,20.2,-47.22,135.0,bottom
X1_2,53.55,-116.94,135.0,bottom
X1,53.55,-47.22,135.0,bottom
